{
    "Agreement_Errors": 4.293654637926859,
    "Articles": 0.4902386417056107,
    "Capitalisation": 4.28121226756822,
    "Noun_number": 1.589287315105334,
    "Punctuation": 2.119873251225637,
    "Spelling": 0.41792786421499295
}