{"name": "grammar_checker", "lang": "en", "version": "1.0.0", "spacy_version": ">=3.3.0,<3.4.0", "parent_package": "spacy", "requirements": ["spacy-transformers>=1.0.0,<1.1.0"], "description": "Essay Grammar Checker", "author": "Irina Proskurina", "license": "CC BY-SA 3.0", "sources": [{"license": "MIT"}], "vectors": {"width": 0, "vectors": 0, "keys": 0, "name": null}, "pipeline": ["punctuation", "spelling", "articles", "grammar_major", "grammar_minor", "vocabulary"], "components": ["punctuation", "spelling", "articles", "grammar_major", "grammar_minor", "vocabulary"], "labels": {}, "performance": {"spans_articles_p": 0.8274481176, "spans_articles_r": 0.8197202306, "spans_articles_f": 0.823566046, "spans_punctuation_p": 0.8723066455, "spans_punctuation_r": 0.6734372264, "spans_punctuation_f": 0.7600790514, "spans_spelling_p": 0.9037660231, "spans_spelling_r": 0.9159588014, "spans_spelling_f": 0.9098215644, "spans_spelling_per_type": {"Spelling": {"p": 0.9044968253, "r": 0.9227970539, "f": 0.9135553018}, "Capitalisation": {"p": 0.8959762655, "r": 0.8483146067, "f": 0.8714942736}}, "spans_vocabulary_p": 0.8326700274, "spans_vocabulary_r": 0.4697166234, "spans_vocabulary_f": 0.6006188, "spans_vocabulary_per_type": {"lex_part_choice": {"p": 0.8783783784, "r": 0.0741444867, "f": 0.1367461431}, "lex_item_choice": {"p": 0.8219627873, "r": 0.5290802348, "f": 0.6437755977}, "Category_confusion": {"p": 0.84472708, "r": 0.5153572583, "f": 0.6401606426}, "Formational_affixes": {"p": 0.8892307692, "r": 0.5608020699, "f": 0.6878222927}}, "spans_grammar_minor_p": 0.8690835299, "spans_grammar_minor_r": 0.7119557892, "spans_grammar_minor_f": 0.7827117807, "spans_grammar_minor_per_type": {"Verb_pattern": {"p": 0.7399617591, "r": 0.2491951062, "f": 0.3728323699}, "Noun_number": {"p": 0.8889171489, "r": 0.9032758286, "f": 0.8960389694}, "Word_order": {"p": 0.8179384203, "r": 0.2189179506, "f": 0.3453928773}, "Numerals": {"p": 0.7062761506, "r": 0.602426838, "f": 0.6502311248}, "Determiners": {"p": 0.5853658537, "r": 0.0231884058, "f": 0.0446096654}}, "spans_grammar_major_p": 0.8694734373, "spans_grammar_major_r": 0.6123730074, "spans_grammar_major_f": 0.7186197538, "spans_grammar_major_per_type": {"Agreement_errors": {"p": 0.8953090397, "r": 0.7739296902, "f": 0.8302062914}, "Prepositions": {"p": 0.881741712, "r": 0.5715202053, "f": 0.6935201401}, "Redundant_comp": {"p": 0.8028656126, "r": 0.314191802, "f": 0.4516397999}, "Tense_choice": {"p": 0.86231523, "r": 0.7354107649, "f": 0.7938231022}}}, "speed": 5613.7287946692, "spacy_git_version": "61dfdd9fb"}